Time,v(clk),v(data),v(out)
1.00000000000000e-08,7.50000000000000e-01,0.00000000000000e+00,3.22523637567053e-05
1.00100000000000e-08,7.50000000000000e-01,7.49999999999982e-02,2.98026592719103e-05
1.00300000000000e-08,7.50000000000000e-01,2.24999999999995e-01,2.43966367581144e-05
1.00700000000000e-08,7.50000000000000e-01,5.24999999999987e-01,1.68370250834132e-05
1.01000000000000e-08,7.50000000000000e-01,7.49999999999994e-01,1.33247697806510e-05
1.01080000000000e-08,7.50000000000000e-01,7.50000000000000e-01,1.30725144162347e-05
1.01240000000000e-08,7.50000000000000e-01,7.50000000000000e-01,1.29622114424938e-05
1.01560000000000e-08,7.50000000000000e-01,7.50000000000000e-01,1.83054746446670e-05
1.02200000000000e-08,7.50000000000000e-01,7.50000000000000e-01,2.19897913863107e-05
1.03480000000000e-08,7.50000000000000e-01,7.50000000000000e-01,1.79095965791923e-05
1.06040000000000e-08,7.50000000000000e-01,7.50000000000000e-01,1.40028666837204e-05
1.11039643549366e-08,7.50000000000000e-01,7.50000000000000e-01,1.75802608957214e-05
1.21038930648098e-08,7.50000000000000e-01,7.50000000000000e-01,1.36991510145453e-05
1.41037504845562e-08,7.50000000000000e-01,7.50000000000000e-01,1.64250442622419e-05
1.51000000000000e-08,7.50000000000000e-01,7.50000000000000e-01,1.30652997887160e-05
1.51100000000000e-08,6.74999999999989e-01,7.50000000000000e-01,-9.13534467070071e-05
1.51300000000000e-08,5.24999999999993e-01,7.50000000000000e-01,-2.42900695520340e-04
1.51700000000000e-08,2.25000000000000e-01,7.50000000000000e-01,-7.82441609370743e-05
1.52000000000000e-08,0.00000000000000e+00,7.50000000000000e-01,4.29427839817184e-04
1.52080000000000e-08,0.00000000000000e+00,7.50000000000000e-01,6.19198376763594e-04
1.52240000000000e-08,0.00000000000000e+00,7.50000000000000e-01,7.91077124059930e-04
1.52560000000000e-08,0.00000000000000e+00,7.50000000000000e-01,4.83425912769134e-04
1.53200000000000e-08,0.00000000000000e+00,7.50000000000000e-01,-4.19724609013725e-04
1.54480000000000e-08,0.00000000000000e+00,7.50000000000000e-01,-3.08732689321481e-04
1.57040000000000e-08,0.00000000000000e+00,7.50000000000000e-01,-4.91971397493726e-05
1.60202243719453e-08,0.00000000000000e+00,7.50000000000000e-01,1.94567505238628e-05
1.65303046759798e-08,0.00000000000000e+00,7.50000000000000e-01,2.35975349363430e-04
1.73988162537699e-08,0.00000000000000e+00,7.50000000000000e-01,-2.69379133974087e-04
1.85072085447323e-08,0.00000000000000e+00,7.50000000000000e-01,3.15782531252371e-04
2.07239931266572e-08,0.00000000000000e+00,7.50000000000000e-01,-2.94482302871993e-04
2.40516523564112e-08,0.00000000000000e+00,7.50000000000000e-01,3.19464674372180e-04
2.50000000000000e-08,0.00000000000000e+00,7.50000000000000e-01,-2.88659816497176e-04
2.50100000000000e-08,7.49999999999858e-02,7.50000000000000e-01,-5.03199610295130e-05
2.50300000000000e-08,2.25000000000007e-01,7.50000000000000e-01,3.21848425949831e-04
2.50700000000000e-08,5.25000000000000e-01,7.50000000000000e-01,6.67423791541749e-04
2.51000000000000e-08,7.50000000000000e-01,7.50000000000000e-01,-1.50753006612867e-04
2.51080000000000e-08,7.50000000000000e-01,7.50000000000000e-01,-8.03836840710503e-04
2.51240000000000e-08,7.50000000000000e-01,7.50000000000000e-01,-2.17861934085430e-03
2.51560000000000e-08,7.50000000000000e-01,7.50000000000000e-01,-4.60734414533394e-03
2.52200000000000e-08,7.50000000000000e-01,7.50000000000000e-01,-5.33277918548350e-03
2.53480000000000e-08,7.50000000000000e-01,7.50000000000000e-01,1.23918454628301e-01
2.56040000000000e-08,7.50000000000000e-01,7.50000000000000e-01,6.85766999008075e-01
2.61160000000000e-08,7.50000000000000e-01,7.50000000000000e-01,7.67612263649113e-01
2.66194244157457e-08,7.50000000000000e-01,7.50000000000000e-01,7.32748356941410e-01
2.75927700103047e-08,7.50000000000000e-01,7.50000000000000e-01,7.65416338969800e-01
2.88980005434764e-08,7.50000000000000e-01,7.50000000000000e-01,7.34410272406746e-01
3.15084616098197e-08,7.50000000000000e-01,7.50000000000000e-01,7.64633899139773e-01
3.51000000000000e-08,7.49999999999963e-01,7.50000000000000e-01,7.34941572838740e-01
3.51100000000000e-08,6.74999999999977e-01,7.50000000000000e-01,7.41536116617951e-01
3.51300000000000e-08,5.24999999999956e-01,7.50000000000000e-01,7.48875708258359e-01
3.51700000000000e-08,2.24999999999963e-01,7.50000000000000e-01,7.51468763264388e-01
3.52000000000000e-08,0.00000000000000e+00,7.50000000000000e-01,7.53946392188659e-01
3.52080000000000e-08,0.00000000000000e+00,7.50000000000000e-01,7.54324278821294e-01
3.52240000000000e-08,0.00000000000000e+00,7.50000000000000e-01,7.53616174023476e-01
3.52560000000000e-08,0.00000000000000e+00,7.50000000000000e-01,7.44601766891646e-01
3.53200000000000e-08,0.00000000000000e+00,7.50000000000000e-01,7.26909793877020e-01
3.54480000000000e-08,0.00000000000000e+00,7.50000000000000e-01,7.40030866433066e-01
3.57040000000000e-08,0.00000000000000e+00,7.50000000000000e-01,7.53229119243687e-01
3.60236116341257e-08,0.00000000000000e+00,7.50000000000000e-01,7.46559502800265e-01
3.66628349023770e-08,0.00000000000000e+00,7.50000000000000e-01,7.52222574950276e-01
3.79412814388797e-08,0.00000000000000e+00,7.50000000000000e-01,7.47512142658846e-01
4.04981745118850e-08,0.00000000000000e+00,7.50000000000000e-01,7.52122655520037e-01
4.42981745118850e-08,0.00000000000000e+00,7.50000000000000e-01,7.47734583597052e-01
4.50000000000000e-08,0.00000000000000e+00,7.50000000000000e-01,7.51818254790865e-01
4.50100000000000e-08,7.49999999999858e-02,7.50000000000000e-01,7.51316082820231e-01
4.50300000000000e-08,2.25000000000007e-01,7.50000000000000e-01,7.50609306834418e-01
4.50700000000000e-08,5.25000000000000e-01,7.50000000000000e-01,7.50174337649600e-01
4.51000000000000e-08,7.50000000000000e-01,7.50000000000000e-01,7.49654679498236e-01
4.51080000000000e-08,7.50000000000000e-01,6.90000000000031e-01,7.49310657716383e-01
4.51240000000000e-08,7.50000000000000e-01,5.69999999999994e-01,7.48682919014376e-01
4.51560000000000e-08,7.50000000000000e-01,3.30000000000020e-01,7.47905207330395e-01
4.52000000000000e-08,7.50000000000000e-01,4.29656310529936e-14,7.47497368466880e-01
4.52064000000000e-08,7.50000000000000e-01,0.00000000000000e+00,7.47458899631898e-01
4.52192000000000e-08,7.50000000000000e-01,0.00000000000000e+00,7.47381990848213e-01
4.52448000000000e-08,7.50000000000000e-01,0.00000000000000e+00,7.47324680509330e-01
4.52960000000000e-08,7.50000000000000e-01,0.00000000000000e+00,7.47697670418398e-01
4.53984000000000e-08,7.50000000000000e-01,0.00000000000000e+00,7.48607547457736e-01
4.55728360614801e-08,7.50000000000000e-01,0.00000000000000e+00,7.49281548804027e-01
4.58645001743351e-08,7.50000000000000e-01,0.00000000000000e+00,7.49887929162267e-01
4.62369310963008e-08,7.50000000000000e-01,0.00000000000000e+00,7.50029624446237e-01
4.69817929402322e-08,7.50000000000000e-01,0.00000000000000e+00,7.49978127312616e-01
4.84715166280951e-08,7.50000000000000e-01,0.00000000000000e+00,7.50019437796680e-01
5.14509640038208e-08,7.50000000000000e-01,0.00000000000000e+00,7.49981636517532e-01
5.51000000000000e-08,7.50000000000000e-01,0.00000000000000e+00,7.50017515316704e-01
5.51100000000000e-08,6.75000000000027e-01,0.00000000000000e+00,7.49913261616600e-01
5.51300000000000e-08,5.25000000000005e-01,0.00000000000000e+00,7.49839210920297e-01
5.51700000000000e-08,2.25000000000013e-01,0.00000000000000e+00,7.51270238002727e-01
5.52000000000000e-08,0.00000000000000e+00,0.00000000000000e+00,7.54270967962905e-01
5.52080000000000e-08,0.00000000000000e+00,0.00000000000000e+00,7.54972955304883e-01
5.52240000000000e-08,0.00000000000000e+00,0.00000000000000e+00,7.55978742658488e-01
5.52560000000000e-08,0.00000000000000e+00,0.00000000000000e+00,7.56827386411429e-01
5.53200000000000e-08,0.00000000000000e+00,0.00000000000000e+00,7.53926404135143e-01
5.54480000000000e-08,0.00000000000000e+00,0.00000000000000e+00,7.48685590459846e-01
5.56958368562188e-08,0.00000000000000e+00,0.00000000000000e+00,7.50030617626349e-01
5.59946033533200e-08,0.00000000000000e+00,0.00000000000000e+00,7.49419778218779e-01
5.65921363475222e-08,0.00000000000000e+00,0.00000000000000e+00,7.49956121665234e-01
5.72978679968070e-08,0.00000000000000e+00,0.00000000000000e+00,7.49693360731996e-01
5.87093312953765e-08,0.00000000000000e+00,0.00000000000000e+00,7.49980945002477e-01
6.15322578925156e-08,0.00000000000000e+00,0.00000000000000e+00,7.49808185175942e-01
6.50000000000000e-08,0.00000000000000e+00,0.00000000000000e+00,7.50003552809811e-01
6.50100000000000e-08,7.49999999999858e-02,0.00000000000000e+00,7.50117865059386e-01
6.50300000000000e-08,2.24999999999957e-01,0.00000000000000e+00,7.50182638030711e-01
6.50700000000000e-08,5.24999999999900e-01,0.00000000000000e+00,7.49994280006746e-01
6.51000000000000e-08,7.49999999999957e-01,0.00000000000000e+00,7.49802231598698e-01
6.51080000000000e-08,7.50000000000000e-01,0.00000000000000e+00,7.49718591254146e-01
6.51240000000000e-08,7.50000000000000e-01,0.00000000000000e+00,7.49634967362995e-01
6.51560000000000e-08,7.50000000000000e-01,0.00000000000000e+00,7.49629196900636e-01
6.52200000000000e-08,7.50000000000000e-01,0.00000000000000e+00,7.49924582259391e-01
6.53480000000000e-08,7.50000000000000e-01,0.00000000000000e+00,7.55348870605087e-01
6.56040000000000e-08,7.50000000000000e-01,0.00000000000000e+00,4.06803661492602e-01
6.60856035413807e-08,7.50000000000000e-01,0.00000000000000e+00,-7.58984272585193e-02
6.65268346005096e-08,7.50000000000000e-01,0.00000000000000e+00,4.82650941731754e-02
6.74092967187676e-08,7.50000000000000e-01,0.00000000000000e+00,-3.11632290201354e-02
6.82718023905189e-08,7.50000000000000e-01,0.00000000000000e+00,2.49824256793543e-02
6.99968137340215e-08,7.50000000000000e-01,0.00000000000000e+00,-1.93681157571251e-02
7.29141414173351e-08,7.50000000000000e-01,0.00000000000000e+00,1.91091565003018e-02
7.51000000000000e-08,7.50000000000000e-01,0.00000000000000e+00,-1.53874735732460e-02
7.51100000000000e-08,6.75000000000076e-01,0.00000000000000e+00,-1.48707319173293e-02
7.51300000000000e-08,5.25000000000105e-01,0.00000000000000e+00,-1.21437219879308e-02
7.51700000000000e-08,2.25000000000162e-01,0.00000000000000e+00,-5.85367850719033e-03
7.52000000000000e-08,1.05027098129540e-13,0.00000000000000e+00,-3.04372198928896e-03
7.52080000000000e-08,0.00000000000000e+00,0.00000000000000e+00,-2.42711700339468e-03
7.52240000000000e-08,0.00000000000000e+00,0.00000000000000e+00,-1.55269872932519e-03
7.52560000000000e-08,0.00000000000000e+00,0.00000000000000e+00,-1.22777986891383e-03
7.53200000000000e-08,0.00000000000000e+00,0.00000000000000e+00,-1.57094357331948e-03
7.54480000000000e-08,0.00000000000000e+00,0.00000000000000e+00,-5.44402533543736e-04
7.57040000000000e-08,0.00000000000000e+00,0.00000000000000e+00,3.19296379143068e-04
7.60212118334781e-08,0.00000000000000e+00,0.00000000000000e+00,-1.71754173515511e-04
7.66556355004344e-08,0.00000000000000e+00,0.00000000000000e+00,1.55138618078168e-04
7.79244828343470e-08,0.00000000000000e+00,0.00000000000000e+00,-1.11491461226673e-04
8.04621775021721e-08,0.00000000000000e+00,0.00000000000000e+00,1.29167312209696e-04
8.42621775021721e-08,0.00000000000000e+00,0.00000000000000e+00,-9.81954694247501e-05
8.50000000000000e-08,0.00000000000000e+00,0.00000000000000e+00,1.00267577544758e-04
8.50100000000000e-08,7.49999999999858e-02,0.00000000000000e+00,2.36045422163281e-04
8.50300000000000e-08,2.24999999999957e-01,0.00000000000000e+00,3.72759225716737e-04
8.50700000000000e-08,5.24999999999900e-01,0.00000000000000e+00,2.90656226789046e-04
8.51000000000000e-08,7.49999999999957e-01,0.00000000000000e+00,1.32040481684581e-06
8.51080000000000e-08,7.50000000000000e-01,0.00000000000000e+00,-1.47916367560202e-04
8.51240000000000e-08,7.50000000000000e-01,0.00000000000000e+00,-3.47248048221518e-04
8.51560000000000e-08,7.50000000000000e-01,0.00000000000000e+00,-4.04835586986715e-04
8.52200000000000e-08,7.50000000000000e-01,0.00000000000000e+00,-2.19184612344998e-04
8.53480000000000e-08,7.50000000000000e-01,0.00000000000000e+00,4.69459686018928e-05
8.56040000000000e-08,7.50000000000000e-01,0.00000000000000e+00,1.02044417792158e-04
8.61159999999999e-08,7.50000000000000e-01,0.00000000000000e+00,-1.10622036260978e-05
8.71234971889085e-08,7.50000000000000e-01,0.00000000000000e+00,4.35860217816806e-05
8.82263528124830e-08,7.50000000000000e-01,0.00000000000000e+00,-3.35306276334768e-07
9.00000000000000e-08,7.50000000000000e-01,0.00000000000000e+00,3.21907395976779e-05
9.00100000000000e-08,7.50000000000000e-01,7.49999999999858e-02,2.97168734782471e-05
9.00300000000000e-08,7.50000000000000e-01,2.24999999999957e-01,2.43188784676690e-05
9.00700000000000e-08,7.50000000000000e-01,5.24999999999900e-01,1.68355302588297e-05
9.01000000000000e-08,7.50000000000000e-01,7.49999999999957e-01,1.34190168290388e-05
9.01080000000000e-08,7.50000000000000e-01,7.50000000000000e-01,1.31125858911924e-05
9.01240000000000e-08,7.50000000000000e-01,7.50000000000000e-01,1.30046628669667e-05
9.01560000000000e-08,7.50000000000000e-01,7.50000000000000e-01,1.85781962561554e-05
9.02200000000000e-08,7.50000000000000e-01,7.50000000000000e-01,2.19858438276488e-05
9.03480000000000e-08,7.50000000000000e-01,7.50000000000000e-01,1.79006439612536e-05
9.06040000000000e-08,7.50000000000000e-01,7.50000000000000e-01,1.40323255465036e-05
9.11159999999999e-08,7.50000000000000e-01,7.50000000000000e-01,1.75774977525592e-05
9.21399999999999e-08,7.50000000000000e-01,7.50000000000000e-01,1.36572203985573e-05
9.41879999999998e-08,7.50000000000000e-01,7.50000000000000e-01,1.64491770635834e-05
9.51000000000000e-08,7.50000000000000e-01,7.50000000000000e-01,1.30036396196308e-05
9.51100000000000e-08,6.75000000000076e-01,7.50000000000000e-01,-9.16528210180151e-05
9.51300000000000e-08,5.25000000000105e-01,7.50000000000000e-01,-2.42767257758472e-04
9.51700000000000e-08,2.25000000000162e-01,7.50000000000000e-01,-7.81321113926120e-05
9.52000000000000e-08,1.05027098129540e-13,7.50000000000000e-01,4.29584540377656e-04
9.52080000000000e-08,0.00000000000000e+00,7.50000000000000e-01,6.19334835930838e-04
9.52240000000000e-08,0.00000000000000e+00,7.50000000000000e-01,7.91194683278623e-04
9.52560000000000e-08,0.00000000000000e+00,7.50000000000000e-01,4.83566167212582e-04
9.53200000000000e-08,0.00000000000000e+00,7.50000000000000e-01,-4.19631893381886e-04
9.54480000000000e-08,0.00000000000000e+00,7.50000000000000e-01,-3.08819552703787e-04
9.57040000000000e-08,0.00000000000000e+00,7.50000000000000e-01,-4.91332139735956e-05
9.60202040126409e-08,0.00000000000000e+00,7.50000000000000e-01,1.94039391216289e-05
9.65302779730886e-08,0.00000000000000e+00,7.50000000000000e-01,2.36013433418582e-04
9.73987944602466e-08,0.00000000000000e+00,7.50000000000000e-01,-2.69406817209201e-04
9.85070846965506e-08,0.00000000000000e+00,7.50000000000000e-01,3.15805737477503e-04
1.00723665169159e-07,0.00000000000000e+00,7.50000000000000e-01,-2.94502194909506e-04
1.04051050706699e-07,0.00000000000000e+00,7.50000000000000e-01,3.19482175990906e-04
1.05000000000000e-07,0.00000000000000e+00,7.50000000000000e-01,-2.88677269791390e-04
1.05010000000000e-07,7.49999999999858e-02,7.50000000000000e-01,-5.03359839399281e-05
1.05030000000000e-07,2.24999999999957e-01,7.50000000000000e-01,3.21836168444695e-04
1.05070000000000e-07,5.24999999999900e-01,7.50000000000000e-01,6.67413763973460e-04
1.05100000000000e-07,7.49999999999957e-01,7.50000000000000e-01,-1.50785741948267e-04
1.05108000000000e-07,7.50000000000000e-01,7.50000000000000e-01,-8.03875201994902e-04
1.05124000000000e-07,7.50000000000000e-01,7.50000000000000e-01,-2.17866493300356e-03
1.05156000000000e-07,7.50000000000000e-01,7.50000000000000e-01,-4.60737947899359e-03
1.05220000000000e-07,7.50000000000000e-01,7.50000000000000e-01,-5.33271691300830e-03
1.05348000000000e-07,7.50000000000000e-01,7.50000000000000e-01,1.23920074472052e-01
1.05604000000000e-07,7.50000000000000e-01,7.50000000000000e-01,6.85767847021519e-01
1.06116000000000e-07,7.50000000000000e-01,7.50000000000000e-01,7.67612072835800e-01
1.06619425734674e-07,7.50000000000000e-01,7.50000000000000e-01,7.32748542044965e-01
1.07592768925915e-07,7.50000000000000e-01,7.50000000000000e-01,7.65416170978098e-01
1.08897999573003e-07,7.50000000000000e-01,7.50000000000000e-01,7.34410444389605e-01
1.11508460867180e-07,7.50000000000000e-01,7.50000000000000e-01,7.64633739403126e-01
1.15100000000000e-07,7.50000000000000e-01,7.50000000000000e-01,7.34941739295570e-01
1.15110000000000e-07,6.75000000000076e-01,7.50000000000000e-01,7.41536207443393e-01
1.15130000000000e-07,5.25000000000105e-01,7.50000000000000e-01,7.48875716624735e-01
1.15170000000000e-07,2.25000000000162e-01,7.50000000000000e-01,7.51468760733067e-01
1.15200000000000e-07,1.05027098129540e-13,7.50000000000000e-01,7.53946392715916e-01
1.15208000000000e-07,0.00000000000000e+00,7.50000000000000e-01,7.54324279548741e-01
1.15224000000000e-07,0.00000000000000e+00,7.50000000000000e-01,7.53616175883433e-01
1.15256000000000e-07,0.00000000000000e+00,7.50000000000000e-01,7.44601771390297e-01
1.15320000000000e-07,0.00000000000000e+00,7.50000000000000e-01,7.26909796839409e-01
1.15448000000000e-07,0.00000000000000e+00,7.50000000000000e-01,7.40030864891433e-01
1.15704000000000e-07,0.00000000000000e+00,7.50000000000000e-01,7.53229120313974e-01
1.16023611636016e-07,0.00000000000000e+00,7.50000000000000e-01,7.46559501995096e-01
1.16662834908047e-07,0.00000000000000e+00,7.50000000000000e-01,7.52222575679718e-01
1.17941281452111e-07,0.00000000000000e+00,7.50000000000000e-01,7.47512141975192e-01
1.20498174540237e-07,0.00000000000000e+00,7.50000000000000e-01,7.52122656186938e-01
1.24298174540237e-07,0.00000000000000e+00,7.50000000000000e-01,7.47734582947133e-01
1.25000000000000e-07,0.00000000000000e+00,7.50000000000000e-01,7.51818255367041e-01
1.25010000000000e-07,7.49999999998865e-02,7.50000000000000e-01,7.51316083174138e-01
1.25030000000000e-07,2.24999999999858e-01,7.50000000000000e-01,7.50609306910506e-01
1.25070000000000e-07,5.24999999999801e-01,7.50000000000000e-01,7.50174337633921e-01
1.25100000000000e-07,7.49999999999858e-01,7.50000000000000e-01,7.49654679466119e-01
1.25108000000000e-07,7.50000000000000e-01,6.89999999999932e-01,7.49310657677112e-01
1.25124000000000e-07,7.50000000000000e-01,5.69999999999994e-01,7.48682918970208e-01
1.25156000000000e-07,7.50000000000000e-01,3.29999999999921e-01,7.47905207316673e-01
1.25200000000000e-07,7.50000000000000e-01,0.00000000000000e+00,7.47497368476936e-01
1.25206400000000e-07,7.50000000000000e-01,0.00000000000000e+00,7.47458899636060e-01
1.25219200000000e-07,7.50000000000000e-01,0.00000000000000e+00,7.47381990844628e-01
1.25244800000000e-07,7.50000000000000e-01,0.00000000000000e+00,7.47324680510270e-01
1.25296000000000e-07,7.50000000000000e-01,0.00000000000000e+00,7.47697670431902e-01
1.25398400000000e-07,7.50000000000000e-01,0.00000000000000e+00,7.48607547471889e-01
1.25572836065187e-07,7.50000000000000e-01,0.00000000000000e+00,7.49281548828010e-01
1.25864500175529e-07,7.50000000000000e-01,0.00000000000000e+00,7.49887929156981e-01
1.26236931142060e-07,7.50000000000000e-01,0.00000000000000e+00,7.50029624457865e-01
1.26981793075123e-07,7.50000000000000e-01,0.00000000000000e+00,7.49978127304059e-01
1.28471516941248e-07,7.50000000000000e-01,0.00000000000000e+00,7.50019437804173e-01
1.31450964673498e-07,7.50000000000000e-01,0.00000000000000e+00,7.49981636510262e-01
1.35100000000000e-07,7.49999999999864e-01,0.00000000000000e+00,7.50017515323319e-01
1.35110000000000e-07,6.74999999999778e-01,0.00000000000000e+00,7.49913261624442e-01
1.35130000000000e-07,5.24999999999807e-01,0.00000000000000e+00,7.49839210924939e-01
1.35170000000000e-07,2.24999999999864e-01,0.00000000000000e+00,7.51270237991748e-01
1.35200000000000e-07,0.00000000000000e+00,0.00000000000000e+00,7.54270967960425e-01
1.35208000000000e-07,0.00000000000000e+00,0.00000000000000e+00,7.54972955320995e-01
1.35224000000000e-07,0.00000000000000e+00,0.00000000000000e+00,7.55978742654120e-01
1.35256000000000e-07,0.00000000000000e+00,0.00000000000000e+00,7.56827386390100e-01
1.35320000000000e-07,0.00000000000000e+00,0.00000000000000e+00,7.53926404130577e-01
1.35448000000000e-07,0.00000000000000e+00,0.00000000000000e+00,7.48685590469644e-01
1.35695836856345e-07,0.00000000000000e+00,0.00000000000000e+00,7.50030617618565e-01
1.35994603353581e-07,0.00000000000000e+00,0.00000000000000e+00,7.49419778224435e-01
1.36592136348053e-07,0.00000000000000e+00,0.00000000000000e+00,7.49956121659606e-01
1.37297867997194e-07,0.00000000000000e+00,0.00000000000000e+00,7.49693360737250e-01
1.38709331295477e-07,0.00000000000000e+00,0.00000000000000e+00,7.49980944997668e-01
1.41532257892043e-07,0.00000000000000e+00,0.00000000000000e+00,7.49808185180982e-01
1.45000000000000e-07,0.00000000000000e+00,0.00000000000000e+00,7.50003552805159e-01
1.45010000000000e-07,7.50000000000850e-02,0.00000000000000e+00,7.50117865056503e-01
1.45030000000000e-07,2.25000000000057e-01,0.00000000000000e+00,7.50182638030008e-01
1.45070000000000e-07,5.25000000000000e-01,0.00000000000000e+00,7.49994280006853e-01
1.45100000000000e-07,7.50000000000000e-01,0.00000000000000e+00,7.49802231598783e-01
1.45108000000000e-07,7.50000000000000e-01,0.00000000000000e+00,7.49718591254206e-01
1.45124000000000e-07,7.50000000000000e-01,0.00000000000000e+00,7.49634967362953e-01
1.45156000000000e-07,7.50000000000000e-01,0.00000000000000e+00,7.49629196900556e-01
1.45220000000000e-07,7.50000000000000e-01,0.00000000000000e+00,7.49924582259294e-01
1.45348000000000e-07,7.50000000000000e-01,0.00000000000000e+00,7.55348870605115e-01
1.45604000000000e-07,7.50000000000000e-01,0.00000000000000e+00,4.06803661492614e-01
1.46085603541379e-07,7.50000000000000e-01,0.00000000000000e+00,-7.58984272585347e-02
1.46526834600508e-07,7.50000000000000e-01,0.00000000000000e+00,4.82650941731294e-02
1.47409296718765e-07,7.50000000000000e-01,0.00000000000000e+00,-3.11632290154121e-02
1.48271802390515e-07,7.50000000000000e-01,0.00000000000000e+00,2.49824256790749e-02
1.49996813734015e-07,7.50000000000000e-01,0.00000000000000e+00,-1.93681157570584e-02
1.52914141417406e-07,7.50000000000000e-01,0.00000000000000e+00,1.91091565002096e-02
1.55100000000000e-07,7.49999999999864e-01,0.00000000000000e+00,-1.53874735731669e-02
1.55110000000000e-07,6.74999999999778e-01,0.00000000000000e+00,-1.48707319171739e-02
1.55130000000000e-07,5.24999999999807e-01,0.00000000000000e+00,-1.21437219877468e-02
1.55170000000000e-07,2.24999999999864e-01,0.00000000000000e+00,-5.85367850744160e-03
1.55200000000000e-07,0.00000000000000e+00,0.00000000000000e+00,-3.04372198935590e-03
1.55208000000000e-07,0.00000000000000e+00,0.00000000000000e+00,-2.42711700329028e-03
1.55224000000000e-07,0.00000000000000e+00,0.00000000000000e+00,-1.55269872923613e-03
1.55256000000000e-07,0.00000000000000e+00,0.00000000000000e+00,-1.22777986904106e-03
1.55320000000000e-07,0.00000000000000e+00,0.00000000000000e+00,-1.57094357339820e-03
1.55448000000000e-07,0.00000000000000e+00,0.00000000000000e+00,-5.44402533436711e-04
1.55704000000000e-07,0.00000000000000e+00,0.00000000000000e+00,3.19296379181728e-04
1.56021211833480e-07,0.00000000000000e+00,0.00000000000000e+00,-1.71754173621998e-04
1.56655635500439e-07,0.00000000000000e+00,0.00000000000000e+00,1.55138618170443e-04
1.57924482834357e-07,0.00000000000000e+00,0.00000000000000e+00,-1.11491461248499e-04
1.60462177502193e-07,0.00000000000000e+00,0.00000000000000e+00,1.29167312362376e-04
1.64262177502193e-07,0.00000000000000e+00,0.00000000000000e+00,-9.81954694384093e-05
1.65000000000000e-07,0.00000000000000e+00,0.00000000000000e+00,1.00267577687271e-04
1.65010000000000e-07,7.50000000000850e-02,0.00000000000000e+00,2.36045422220374e-04
1.65030000000000e-07,2.25000000000057e-01,0.00000000000000e+00,3.72759225628266e-04
1.65070000000000e-07,5.25000000000000e-01,0.00000000000000e+00,2.90656226621791e-04
1.65100000000000e-07,7.50000000000000e-01,0.00000000000000e+00,1.32040489049523e-06
1.65108000000000e-07,7.50000000000000e-01,0.00000000000000e+00,-1.47916367608567e-04
1.65124000000000e-07,7.50000000000000e-01,0.00000000000000e+00,-3.47248048218049e-04
1.65156000000000e-07,7.50000000000000e-01,0.00000000000000e+00,-4.04835587038840e-04
1.65220000000000e-07,7.50000000000000e-01,0.00000000000000e+00,-2.19184612376244e-04
1.65348000000000e-07,7.50000000000000e-01,0.00000000000000e+00,4.69459687479704e-05
1.65604000000000e-07,7.50000000000000e-01,0.00000000000000e+00,1.02044417692383e-04
1.66116000000000e-07,7.50000000000000e-01,0.00000000000000e+00,-1.10622035634049e-05
1.67123497188910e-07,7.50000000000000e-01,0.00000000000000e+00,4.35860217472793e-05
1.68226352812484e-07,7.50000000000000e-01,0.00000000000000e+00,-3.35306255375839e-07
1.70000000000000e-07,7.50000000000000e-01,0.00000000000000e+00,3.21907395247111e-05
1.70010000000000e-07,7.50000000000000e-01,7.50000000000850e-02,2.97168734099684e-05
1.70030000000000e-07,7.50000000000000e-01,2.25000000000057e-01,2.43188783962817e-05
1.70070000000000e-07,7.50000000000000e-01,5.25000000000000e-01,1.68355301968098e-05
1.70100000000000e-07,7.50000000000000e-01,7.50000000000000e-01,1.34190167850462e-05
1.70108000000000e-07,7.50000000000000e-01,7.50000000000000e-01,1.31125858475051e-05
1.70124000000000e-07,7.50000000000000e-01,7.50000000000000e-01,1.30046628343539e-05
1.70156000000000e-07,7.50000000000000e-01,7.50000000000000e-01,1.85781962445120e-05
1.70220000000000e-07,7.50000000000000e-01,7.50000000000000e-01,2.19858438096077e-05
1.70348000000000e-07,7.50000000000000e-01,7.50000000000000e-01,1.79006440012772e-05
1.70604000000000e-07,7.50000000000000e-01,7.50000000000000e-01,1.40323255679864e-05
1.71116000000000e-07,7.50000000000000e-01,7.50000000000000e-01,1.75774977816262e-05
1.72140000000000e-07,7.50000000000000e-01,7.50000000000000e-01,1.36572203752044e-05
1.74188000000000e-07,7.50000000000000e-01,7.50000000000000e-01,1.64491770171735e-05
1.75100000000000e-07,7.49999999999864e-01,7.50000000000000e-01,1.30036396649054e-05
1.75110000000000e-07,6.74999999999778e-01,7.50000000000000e-01,-9.16528210438000e-05
1.75130000000000e-07,5.24999999999807e-01,7.50000000000000e-01,-2.42767257784299e-04
1.75170000000000e-07,2.24999999999864e-01,7.50000000000000e-01,-7.81321098341919e-05
1.75200000000000e-07,0.00000000000000e+00,7.50000000000000e-01,4.29584539969455e-04
1.75208000000000e-07,0.00000000000000e+00,7.50000000000000e-01,6.19334835527077e-04
1.75224000000000e-07,0.00000000000000e+00,7.50000000000000e-01,7.91194682814356e-04
1.75256000000000e-07,0.00000000000000e+00,7.50000000000000e-01,4.83566166130919e-04
1.75320000000000e-07,0.00000000000000e+00,7.50000000000000e-01,-4.19631894339009e-04
1.75448000000000e-07,0.00000000000000e+00,7.50000000000000e-01,-3.08819551083674e-04
1.75704000000000e-07,0.00000000000000e+00,7.50000000000000e-01,-4.91332152559344e-05
1.76020204013055e-07,0.00000000000000e+00,7.50000000000000e-01,1.94039401036489e-05
1.76530277973425e-07,0.00000000000000e+00,7.50000000000000e-01,2.36013432533190e-04
1.77398794460847e-07,0.00000000000000e+00,7.50000000000000e-01,-2.69406816505677e-04
1.78507084697927e-07,0.00000000000000e+00,7.50000000000000e-01,3.15805736773447e-04
1.80723665172085e-07,0.00000000000000e+00,7.50000000000000e-01,-2.94502194299288e-04
1.84051050711309e-07,0.00000000000000e+00,7.50000000000000e-01,3.19482175412040e-04
1.85000000000000e-07,0.00000000000000e+00,7.50000000000000e-01,-2.88677269220546e-04
1.85010000000000e-07,7.50000000000850e-02,7.50000000000000e-01,-5.03359835492823e-05
1.85030000000000e-07,2.25000000000057e-01,7.50000000000000e-01,3.21836168587969e-04
1.85070000000000e-07,5.25000000000000e-01,7.50000000000000e-01,6.67413764057531e-04
1.85100000000000e-07,7.50000000000000e-01,7.50000000000000e-01,-1.50785741595272e-04
1.85108000000000e-07,7.50000000000000e-01,7.50000000000000e-01,-8.03875201569854e-04
1.85124000000000e-07,7.50000000000000e-01,7.50000000000000e-01,-2.17866493249259e-03
1.85156000000000e-07,7.50000000000000e-01,7.50000000000000e-01,-4.60737947860473e-03
1.85220000000000e-07,7.50000000000000e-01,7.50000000000000e-01,-5.33271691370957e-03
1.85348000000000e-07,7.50000000000000e-01,7.50000000000000e-01,1.23920074467216e-01
1.85604000000000e-07,7.50000000000000e-01,7.50000000000000e-01,6.85767847009002e-01
1.86116000000000e-07,7.50000000000000e-01,7.50000000000000e-01,7.67612072838127e-01
1.86619425734681e-07,7.50000000000000e-01,7.50000000000000e-01,7.32748542042355e-01
1.87592768925941e-07,7.50000000000000e-01,7.50000000000000e-01,7.65416170980300e-01
1.88897999572970e-07,7.50000000000000e-01,7.50000000000000e-01,7.34410444387403e-01
1.91508460867027e-07,7.50000000000000e-01,7.50000000000000e-01,7.64633739404851e-01
1.95100000000000e-07,7.49999999999864e-01,7.50000000000000e-01,7.34941739293238e-01
1.95110000000000e-07,6.74999999999778e-01,7.50000000000000e-01,7.41536207441985e-01
1.95130000000000e-07,5.24999999999807e-01,7.50000000000000e-01,7.48875716624251e-01
1.95170000000000e-07,2.24999999999864e-01,7.50000000000000e-01,7.51468760733791e-01
1.95200000000000e-07,0.00000000000000e+00,7.50000000000000e-01,7.53946392716363e-01
1.95208000000000e-07,0.00000000000000e+00,7.50000000000000e-01,7.54324279549131e-01
1.95224000000000e-07,0.00000000000000e+00,7.50000000000000e-01,7.53616175885337e-01
1.95256000000000e-07,0.00000000000000e+00,7.50000000000000e-01,7.44601771389939e-01
1.95320000000000e-07,0.00000000000000e+00,7.50000000000000e-01,7.26909796838969e-01
1.95448000000000e-07,0.00000000000000e+00,7.50000000000000e-01,7.40030864880804e-01
1.95704000000000e-07,0.00000000000000e+00,7.50000000000000e-01,7.53229120314121e-01
1.96023611636014e-07,0.00000000000000e+00,7.50000000000000e-01,7.46559501994969e-01
1.96662834908042e-07,0.00000000000000e+00,7.50000000000000e-01,7.52222575679732e-01
1.97941281452098e-07,0.00000000000000e+00,7.50000000000000e-01,7.47512141975146e-01
2.00000000000000e-07,0.00000000000000e+00,7.50000000000000e-01,7.52096395886075e-01
